SN,Point Num,Title,Center Point Rel,Circle Point Rel,Center Point Abs,Circle Point Abs,Slope,Angle,Timestamp,Validity,Distance
1,1,Point star value,[58.89565277 98.73786163  8.11668491],[ 58.72434874 100.21005439   8.02487183],[ 1340009.66153874 10506289.59833484     2566.25926304],[ 1340009.4902347  10506291.0705276      2566.16744995],0.061946896627938106,-83.29153049971517,Nov-05-2022 14:25:56,False,1.4849667439243412
2,1,Point star value,[58.89565277 98.73786163  8.11668491],[ 58.61829245 100.19757975   8.02537251],[ 1340009.66153874 10506289.59833484     2566.25926304],[ 1340009.38417842 10506291.05805296     2566.16795063],0.06145528068662053,-79.29153049971517,Nov-05-2022 14:25:56,False,1.4886381945117457
3,1,Point star value,[58.89565277 98.73786163  8.11668491],[ 58.51792275 100.18577397   8.02847624],[ 1340009.66153874 10506289.59833484     2566.25926304],[ 1340009.28380872 10506291.04624718     2566.17105436],0.058948347443231325,-75.29153049971517,Nov-05-2022 14:25:56,False,1.4989699424876552
4,1,Point star value,[58.89565277 98.73786163  8.11668491],[ 58.40724181 100.17275537   8.00464702],[ 1340009.66153874 10506289.59833484     2566.25926304],[ 1340009.17312778 10506291.03322858     2566.14722514],0.07391634255923012,-71.29153049971517,Nov-05-2022 14:25:56,False,1.5198742641616463
5,1,Point star value,[58.89565277 98.73786163  8.11668491],[ 58.29934844 100.16006464   8.01275706],[ 1340009.66153874 10506289.59833484     2566.25926304],[ 1340009.06523441 10506291.02053785     2566.15533519],0.06739133883804475,-67.29153049971517,Nov-05-2022 14:25:56,False,1.5456523664539537
6,1,Point star value,[58.89565277 98.73786163  8.11668491],[ 58.18752289 100.1469114    8.01866436],[ 1340009.66153874 10506289.59833484     2566.25926304],[ 1340008.95340886 10506291.00738461     2566.16124249],0.062157091241580135,-63.29153049971517,Nov-05-2022 14:25:56,False,1.5800244266525423
7,1,Point star value,[58.89565277 98.73786163  8.11668491],[ 58.06807458 100.13286154   8.0419929 ],[ 1340009.66153874 10506289.59833484     2566.25926304],[ 1340008.83396055 10506290.99333476     2566.18457103],0.046049097390324506,-59.29153049971517,Nov-05-2022 14:25:56,False,1.6237269806962702
8,1,Point star value,[58.89565277 98.73786163  8.11668491],[ 57.93970618 100.11776249   8.08094072],[ 1340009.66153874 10506289.59833484     2566.25926304],[ 1340008.70559215 10506290.9782357      2566.22351885],0.021293057723919605,-55.29153049971517,Nov-05-2022 14:25:56,False,1.6790586334538025
9,1,Point star value,[58.89565277 98.73786163  8.11668491],[ 57.80429572 100.10183512   8.09976387],[ 1340009.66153874 10506289.59833484     2566.25926304],[ 1340008.57018169 10506290.96230833     2566.242342  ],0.009686605184729562,-51.29153049971517,Nov-05-2022 14:25:56,False,1.7469316554276235
10,1,Point star value,[58.89565277 98.73786163  8.11668491],[ 57.65271461 100.08400571   8.10146618],[ 1340009.66153874 10506289.59833484     2566.25926304],[ 1340008.41860057 10506290.94447893     2566.2440443 ],0.008306210452927473,-47.29153049971517,Nov-05-2022 14:25:56,False,1.8322747554367802
11,1,Point star value,[58.89565277 98.73786163  8.11668491],[ 57.48611687 100.06441001   8.10757351],[ 1340009.66153874 10506289.59833484     2566.25926304],[ 1340008.25200284 10506290.92488322     2566.25015163],0.004707292405391395,-43.29153049971517,Nov-05-2022 14:25:56,False,1.9356149101639768
12,1,Point star value,[58.89565277 98.73786163  8.11668491],[ 57.29729759 100.04220055   8.05140448],[ 1340009.66153874 10506289.59833484     2566.25926304],[ 1340008.06318356 10506290.90267376     2566.1939826 ],0.03164318877025809,-39.29153049971517,Nov-05-2022 14:25:56,False,2.0640496170217983
13,1,Point star value,[58.89565277 98.73786163  8.11668491],[ 57.08209103 100.01688733   7.89140773],[ 1340009.66153874 10506289.59833484     2566.25926304],[ 1340007.847977   10506290.87736055     2566.03398585],0.10151212818274476,-35.29153049971517,Nov-05-2022 14:25:56,False,2.230619364282049
14,1,Point star value,[58.89565277 98.73786163  8.11668491],[56.84278593 99.98873958  7.80259871],[ 1340009.66153874 10506289.59833484     2566.25926304],[ 1340007.6086719  10506290.84921279     2565.94517684],0.13065441460823404,-31.29153049971517,Nov-05-2022 14:25:56,False,2.4243778656902073
15,1,Point star value,[58.89565277 98.73786163  8.11668491],[56.55567984 99.95496934  7.88019395],[ 1340009.66153874 10506289.59833484     2566.25926304],[ 1340007.3215658  10506290.81544255     2566.02277207],0.08966212530615868,-27.29153049971517,Nov-05-2022 14:25:56,False,2.6481602089922047
16,1,Point star value,[58.89565277 98.73786163  8.11668491],[56.17347805 99.91001367  7.96559906],[ 1340009.66153874 10506289.59833484     2566.25926304],[ 1340006.93936402 10506290.77048688     2566.10817719],0.05097688542015985,-23.29153049971517,Nov-05-2022 14:25:56,False,2.9676594410831094
17,1,Point star value,[58.89565277 98.73786163  8.11668491],[55.7241174  99.85715859  7.99683738],[ 1340009.66153874 10506289.59833484     2566.25926304],[ 1340006.49000337 10506290.7176318      2566.1394155 ],0.03563442322801732,-19.29153049971517,Nov-05-2022 14:25:56,False,3.365386416001372
18,1,Point star value,[58.89565277 98.73786163  8.11668491],[55.09003832 99.78257639  7.93275857],[ 1340009.66153874 10506289.59833484     2566.25926304],[ 1340005.85592429 10506290.6430496      2566.07533669],0.04660602210199888,-15.291530499715169,Nov-05-2022 14:25:56,False,3.950690971301804
19,1,Point star value,[58.89565277 98.73786163  8.11668491],[54.19122856 99.67685581  7.9402678 ],[ 1340009.66153874 10506289.59833484     2566.25926304],[ 1340004.95711453 10506290.53732902     2566.08284593],0.0367748658377149,-11.291530499715169,Nov-05-2022 14:25:56,False,4.800462502306695
20,1,Point star value,[58.89565277 98.73786163  8.11668491],[52.76629137 99.50925062  7.96459794],[ 1340009.66153874 10506289.59833484     2566.25926304],[ 1340003.53217734 10506290.36972383     2566.10717607],0.024618661388067124,-7.2915304997151695,Nov-05-2022 14:25:56,False,6.179582721109974
21,1,Point star value,[58.89565277 98.73786163  8.11668491],[50.31186994 99.22055454  7.89250922],[ 1340009.66153874 10506289.59833484     2566.25926304],[ 1340001.07775591 10506290.08102775     2566.03508735],0.026074994476632942,-3.2915304997151695,Nov-05-2022 14:25:56,False,8.600265974391684
22,1,Point star value,[58.89565277 98.73786163  8.11668491],[44.7369194  98.56481288  7.64079976],[ 1340009.66153874 10506289.59833484     2566.25926304],[ 1339995.50280536 10506289.42528609     2565.78337789],0.033608204962008906,0.7084695002848305,Nov-05-2022 14:25:56,False,14.167785407420563
23,1,Point star value,[58.89565277 98.73786163  8.11668491],[ 88.74551392 101.2188797    6.60742903],[ 1340009.66153874 10506289.59833484     2566.25926304],[ 1340039.51139988 10506292.07935291     2564.75000715],0.050387822268351624,4.7084695002848305,Nov-05-2022 14:25:56,True,29.990790492290156
24,1,Point star value,[58.89565277 98.73786163  8.11668491],[ 88.62763977 103.14614105   6.15327072],[ 1340009.66153874 10506289.59833484     2566.25926304],[ 1340039.39352574 10506294.00661426     2564.29584885],0.06532299962150082,8.708469500284831,Nov-05-2022 14:25:56,True,30.121071920912144
25,1,Point star value,[58.89565277 98.73786163  8.11668491],[ 73.25888183 101.91964781   6.99780917],[ 1340009.66153874 10506289.59833484     2566.25926304],[ 1340024.0247678  10506292.78012102     2565.1403873 ],0.07605487012539926,12.708469500284831,Nov-05-2022 14:25:56,False,14.753914572094914
26,1,Point star value,[58.89565277 98.73786163  8.11668491],[ 67.50830481 101.31797156   6.80507231],[ 1340009.66153874 10506289.59833484     2566.25926304],[ 1340018.27419078 10506292.17844477     2564.94765043],0.14588362713511277,16.70846950028483,Nov-05-2022 14:25:56,False,9.085982061940694
27,1,Point star value,[58.89565277 98.73786163  8.11668491],[ 67.4330967  101.957372     6.57108474],[ 1340009.66153874 10506289.59833484     2566.25926304],[ 1340018.19898267 10506292.81784521     2564.71366286],0.16939348443251423,20.70846950028483,Nov-05-2022 14:25:56,False,9.254300392636662
28,1,Point star value,[58.89565277 98.73786163  8.11668491],[ 67.35637147 102.60967064   6.75991678],[ 1340009.66153874 10506289.59833484     2566.25926304],[ 1340018.12225743 10506293.47014385     2564.90249491],0.14581769272899128,24.70846950028483,Nov-05-2022 14:25:56,False,9.402950896996654
29,1,Point star value,[58.89565277 98.73786163  8.11668491],[ 67.27108837 103.33472607   6.38936138],[ 1340009.66153874 10506289.59833484     2566.25926304],[ 1340018.03697434 10506294.19519928     2564.53193951],0.18079568151566575,28.70846950028483,Nov-05-2022 14:25:56,False,9.70889956301245
30,1,Point star value,[58.89565277 98.73786163  8.11668491],[ 67.18714664 104.04837756   6.63436246],[ 1340009.66153874 10506289.59833484     2566.25926304],[ 1340017.9530326  10506294.90885077     2564.77694058],0.15054549807937673,32.70846950028483,Nov-05-2022 14:25:56,False,9.957295306922811
31,1,Point star value,[58.89565277 98.73786163  8.11668491],[ 67.09242503 104.85367685   6.55806875],[ 1340009.66153874 10506289.59833484     2566.25926304],[ 1340017.858311   10506295.71415006     2564.70064688],0.15240300511486596,36.70846950028483,Nov-05-2022 14:25:56,False,10.34502564189415
32,1,Point star value,[58.89565277 98.73786163  8.11668491],[ 66.99208627 105.70673172   6.38936138],[ 1340009.66153874 10506289.59833484     2566.25926304],[ 1340017.75797224 10506296.56720493     2564.53193951],0.16169544377987566,40.70846950028483,Nov-05-2022 14:25:56,False,10.821323039520072
33,1,Point star value,[58.89565277 98.73786163  8.11668491],[ 66.88464044 106.62020909   6.59781766],[ 1340009.66153874 10506289.59833484     2566.25926304],[ 1340017.65052641 10506297.4806823      2564.74039578],0.13533544390869617,44.70846950028483,Nov-05-2022 14:25:56,False,11.325293958966693
34,1,Point star value,[58.89565277 98.73786163  8.11668491],[ 66.76260724 107.65770472   6.47656846],[ 1340009.66153874 10506289.59833484     2566.25926304],[ 1340017.5284932  10506298.51817793     2564.61914659],0.13790158541084538,48.70846950028483,Nov-05-2022 14:25:56,False,12.005938332139747
35,1,Point star value,[58.89565277 98.73786163  8.11668491],[ 66.60857934 108.96721112   6.81798816],[ 1340009.66153874 10506289.59833484     2566.25926304],[ 1340017.37446531 10506299.82768433     2564.96056628],0.10137137158543734,52.70846950028483,Nov-05-2022 14:25:56,False,12.876934437613135
36,1,Point star value,[58.89565277 98.73786163  8.11668491],[ 66.45144274 110.30314698   7.07560492],[ 1340009.66153874 10506289.59833484     2566.25926304],[ 1340017.21732871 10506301.16362019     2565.21818304],0.07536033386508868,56.70846950028483,Nov-05-2022 14:25:56,False,13.853867139397943
37,1,Point star value,[58.89565277 98.73786163  8.11668491],[ 66.27853828 111.77313724   6.81858897],[ 1340009.66153874 10506289.59833484     2566.25926304],[ 1340017.04442424 10506302.63361045     2564.9611671 ],0.08665044151908087,60.70846950028483,Nov-05-2022 14:25:56,False,15.03696982582227
38,1,Point star value,[58.89565277 98.73786163  8.11668491],[ 66.03324124 113.85859095   7.32871604],[ 1340009.66153874 10506289.59833484     2566.25926304],[ 1340016.7991272  10506304.71906416     2565.47129416],0.04712536757179505,64.70846950028483,Nov-05-2022 14:25:56,False,16.73925085634232
39,1,Point star value,[58.89565277 98.73786163  8.11668491],[ 65.75293982 116.24164304   7.12376404],[ 1340009.66153874 10506289.59833484     2566.25926304],[ 1340016.51882579 10506307.10211625     2565.26634216],0.05281757416312936,68.70846950028483,Nov-05-2022 14:25:56,False,18.82526603127376
40,1,Point star value,[58.89565277 98.73786163  8.11668491],[ 65.38122136 119.40189989   6.92832398],[ 1340009.66153874 10506289.59833484     2566.25926304],[ 1340016.14710733 10506310.2623731      2565.07090211],0.05486960260534919,72.70846950028483,Nov-05-2022 14:25:56,False,21.69048820876773
41,1,Point star value,[58.89565277 98.73786163  8.11668491],[ 64.81585693 124.20848601   6.95465612],[ 1340009.66153874 10506289.59833484     2566.25926304],[ 1340015.5817429  10506315.06895922     2565.09723425],0.044437728985085065,76.70846950028483,Nov-05-2022 14:25:56,False,26.175405138532266
42,1,Point star value,[58.89565277 98.73786163  8.11668491],[ 63.66094208 128.25305176   6.05575085],[ 1340009.66153874 10506289.59833484     2566.25926304],[ 1340014.42682805 10506319.11352497     2564.19832897],0.06893355870472692,80.70846950028483,Nov-05-2022 14:25:56,True,29.96834796063408
43,1,Point star value,[58.89565277 98.73786163  8.11668491],[ 61.6028595  128.510849     6.20833874],[ 1340009.66153874 10506289.59833484     2566.25926304],[ 1340012.36874547 10506319.37132221     2564.35091686],0.06383322168577307,84.70846950028483,Nov-05-2022 14:25:56,True,29.95666086307349
44,1,Point star value,[58.89565277 98.73786163  8.11668491],[ 59.51719284 128.76307678   6.33169031],[ 1340009.66153874 10506289.59833484     2566.25926304],[ 1340010.28307881 10506319.62354999     2564.47426844],0.05943711869369825,88.70846950028483,Nov-05-2022 14:25:56,True,30.084648286580833
45,1,Point star value,[58.89565277 98.73786163  8.11668491],[ 57.38352585 128.75100708   6.43862152],[ 1340009.66153874 10506289.59833484     2566.25926304],[ 1340008.14941182 10506319.61148029     2564.58119965],0.05584012098681145,92.70846950028483,Nov-05-2022 14:25:56,True,30.098028576456656
46,1,Point star value,[58.89565277 98.73786163  8.11668491],[ 55.20069885 128.52912903   6.60382462],[ 1340009.66153874 10506289.59833484     2566.25926304],[ 1340005.96658482 10506319.38960224     2564.74640274],0.05039586564994187,96.70846950028483,Nov-05-2022 14:25:56,True,30.057628711240906
47,1,Point star maximum,[58.89565277 98.73786163  8.11668491],[ 63.66094208 128.25305176   6.05575085],[ 1340009.66153874 10506289.59833484     2566.25926304],[ 1340014.42682805 10506319.11352497     2564.19832897],0.06893355870472692,80.70846950028483,Nov-05-2022 14:25:56,True,29.96834796063408
1,2,Point star value,[60.59545135 93.60095978  8.46210957],[ 59.80331293 100.33696525   7.88499999],[ 1340011.36133732 10506284.46143299     2566.60468769],[ 1340010.56919889 10506291.19743846     2566.02757812],0.08508900582093865,-83.29153049971517,Nov-05-2022 14:25:56,False,6.8069309139853775
2,2,Point star value,[60.59545135 93.60095978  8.46210957],[ 59.32572323 100.28078978   7.89100742],[ 1340011.36133732 10506284.46143299     2566.60468769],[ 1340010.0916092  10506291.14126299     2566.03358555],0.08399256791636184,-79.29153049971517,Nov-05-2022 14:25:56,False,6.823378638513797
3,2,Point star value,[60.59545135 93.60095978  8.46210957],[ 58.85289555 100.22517443   7.90172052],[ 1340011.36133732 10506284.46143299     2566.60468769],[ 1340009.61878151 10506291.08564764     2566.04429865],0.08181365789332319,-75.29153049971517,Nov-05-2022 14:25:56,False,6.872463637384608
4,2,Point star value,[60.59545135 93.60095978  8.46210957],[ 58.38448907 100.17007912   7.91543746],[ 1340011.36133732 10506284.46143299     2566.60468769],[ 1340009.15037504 10506291.03055233     2566.05801558],0.07887108346419051,-71.29153049971517,Nov-05-2022 14:25:56,False,6.952735691332469
5,2,Point star value,[60.59545135 93.60095978  8.46210957],[ 57.86713474 100.10922642   7.90802836],[ 1340011.36133732 10506284.46143299     2566.60468769],[ 1340008.6330207  10506290.96969963     2566.05060649],0.07851512207149569,-67.29153049971517,Nov-05-2022 14:25:56,False,7.078718266644953
6,2,Point star value,[60.59545135 93.60095978  8.46210957],[ 57.35052362 100.04846115   7.91613817],[ 1340011.36133732 10506284.46143299     2566.60468769],[ 1340008.11640959 10506290.90893435     2566.0587163 ],0.07564003752942469,-63.29153049971517,Nov-05-2022 14:25:56,False,7.238640386152294
7,2,Point star value,[60.59545135 93.60095978  8.46210957],[56.79097814 99.9826458   7.94387245],[ 1340011.36133732 10506284.46143299     2566.60468769],[ 1340007.55686411 10506290.84311901     2566.08645058],0.06975241312537649,-59.29153049971517,Nov-05-2022 14:25:56,False,7.447717951647282
8,2,Point star value,[60.59545135 93.60095978  8.46210957],[56.2174567  99.91518657  7.96790195],[ 1340011.36133732 10506284.46143299     2566.60468769],[ 1340006.98334267 10506290.77565978     2566.11048007],0.06432056978158823,-55.29153049971517,Nov-05-2022 14:25:56,False,7.699385579572975
9,2,Point star value,[60.59545135 93.60095978  8.46210957],[55.59125657 99.84153112  7.97380924],[ 1340011.36133732 10506284.46143299     2566.60468769],[ 1340006.35714254 10506290.70200432     2566.11638737],0.06104388549540327,-51.29153049971517,Nov-05-2022 14:25:56,False,8.014058475313965
10,2,Point star value,[60.59545135 93.60095978  8.46210957],[54.88929982 99.75896495  8.02036643],[ 1340011.36133732 10506284.46143299     2566.60468769],[ 1340005.65518579 10506290.61943816     2566.16294456],0.052617860597267994,-47.29153049971517,Nov-05-2022 14:25:56,False,8.40692155559475
11,2,Point star value,[60.59545135 93.60095978  8.46210957],[54.15162026 99.67219697  8.00815129],[ 1340011.36133732 10506284.46143299     2566.60468769],[ 1340004.91750623 10506290.53267018     2566.15072942],0.05127495952903985,-43.29153049971517,Nov-05-2022 14:25:56,False,8.865041359563959
12,2,Point star value,[60.59545135 93.60095978  8.46210957],[53.36750955 99.57996762  8.14932489],[ 1340011.36133732 10506284.46143299     2566.60468769],[ 1340004.13339552 10506290.44044083     2566.29190302],0.033344534834588026,-39.29153049971517,Nov-05-2022 14:25:56,False,9.385601301651276
13,2,Point star value,[60.59545135 93.60095978  8.46210957],[52.28381648 99.45250054  8.19638276],[ 1340011.36133732 10506284.46143299     2566.60468769],[ 1340003.04970245 10506290.31297375     2566.33896089],0.026141781049727437,-35.29153049971517,Nov-05-2022 14:25:56,False,10.168304393711304
14,2,Point star value,[60.59545135 93.60095978  8.46210957],[51.20903827 99.32608205  8.25615644],[ 1340011.36133732 10506284.46143299     2566.60468769],[ 1340001.97492423 10506290.18655526     2566.39873457],0.018732164483730114,-31.29153049971517,Nov-05-2022 14:25:56,False,10.996553657791091
15,2,Point star value,[60.59545135 93.60095978  8.46210957],[49.82240792 99.16298261  7.93616295],[ 1340011.36133732 10506284.46143299     2566.60468769],[ 1340000.58829389 10506290.02345582     2566.07874107],0.043380148131197276,-27.29153049971517,Nov-05-2022 14:25:56,False,12.135533883006344
16,2,Point star value,[60.59545135 93.60095978  8.46210957],[48.12585554 98.96342926  7.91053128],[ 1340011.36133732 10506284.46143299     2566.60468769],[ 1339998.89174151 10506289.82390247     2566.05310941],0.040635636400133034,-23.29153049971517,Nov-05-2022 14:25:56,False,13.584959965156827
17,2,Point star value,[60.59545135 93.60095978  8.46210957],[45.92323382 98.70435058  7.84354901],[ 1340011.36133732 10506284.46143299     2566.60468769],[ 1339996.68911979 10506289.5648238      2565.98612714],0.039818679475663685,-19.29153049971517,Nov-05-2022 14:25:56,False,15.546741851548697
18,2,Point star value,[60.59545135 93.60095978  8.46210957],[43.0051443  98.36111654  7.98071766],[ 1340011.36133732 10506284.46143299     2566.60468769],[ 1339993.77103027 10506289.22158975     2566.12329578],0.026416710431110164,-15.291530499715169,Nov-05-2022 14:25:56,False,18.229364575427926
19,2,Point star value,[60.59545135 93.60095978  8.46210957],[39.06823179 97.89804561  8.07733631],[ 1340011.36133732 10506284.46143299     2566.60468769],[ 1339989.83411776 10506288.75851882     2566.21991444],0.017528012086555172,-11.291530499715169,Nov-05-2022 14:25:56,False,21.955276795269988
20,2,Point star value,[60.59545135 93.60095978  8.46210957],[33.02749708 97.18751709  8.32013512],[ 1340011.36133732 10506284.46143299     2566.60468769],[ 1339983.79338304 10506288.0479903      2566.46271324],0.005106943373655891,-7.2915304997151695,Nov-05-2022 14:25:56,False,27.800641238092943
21,2,Point star value,[60.59545135 93.60095978  8.46210957],[90.57226562 91.85998535  7.80970716],[ 1340011.36133732 10506284.46143299     2566.60468769],[ 1340041.33815159 10506282.72045856     2565.95228529],0.021726955386617307,-3.2915304997151695,Nov-05-2022 14:25:56,True,30.034413838544662
22,2,Point star value,[60.59545135 93.60095978  8.46210957],[90.59043121 94.07817078  7.80450106],[ 1340011.36133732 10506284.46143299     2566.60468769],[ 1340041.35631718 10506284.93864399     2565.94707918],0.02192117819557812,0.7084695002848305,Nov-05-2022 14:25:56,True,30.005982670028388
23,2,Point star value,[60.59545135 93.60095978  8.46210957],[90.45259857 96.04685974  7.7976923 ],[ 1340011.36133732 10506284.46143299     2566.60468769],[ 1340041.21848454 10506286.90733295     2565.94027042],0.022178910858945494,4.7084695002848305,Nov-05-2022 14:25:56,True,29.96453098015754
24,2,Point star value,[60.59545135 93.60095978  8.46210957],[90.37075806 98.04185486  7.60605669],[ 1340011.36133732 10506284.46143299     2566.60468769],[ 1340041.13664402 10506288.90232807     2565.74863482],0.02843589431105744,8.708469500284831,Nov-05-2022 14:25:56,True,30.116826938112375
25,2,Point star value,[60.59545135 93.60095978  8.46210957],[ 89.82243347 100.27876282   6.76782656],[ 1340011.36133732 10506284.46143299     2566.60468769],[ 1340040.58831944 10506291.13923603     2564.91040468],0.05651348888304364,12.708469500284831,Nov-05-2022 14:25:56,True,30.02798914343145
26,2,Point star value,[60.59545135 93.60095978  8.46210957],[ 89.43332672 102.14768219   6.56737995],[ 1340011.36133732 10506284.46143299     2566.60468769],[ 1340040.19921269 10506293.0081554      2564.70995808],0.0629944464491132,16.70846950028483,Nov-05-2022 14:25:56,True,30.137344274801553
27,2,Point star value,[60.59545135 93.60095978  8.46210957],[ 86.48971249 103.47589601   7.25072026],[ 1340011.36133732 10506284.46143299     2566.60468769],[ 1340037.25559845 10506294.33636922     2565.39329839],0.043711474349494066,20.70846950028483,Nov-05-2022 14:25:56,False,27.739765484806167
28,2,Point star value,[60.59545135 93.60095978  8.46210957],[ 80.27823935 102.74528475   7.05938506],[ 1340011.36133732 10506284.46143299     2566.60468769],[ 1340031.04412532 10506293.60575796     2565.20196319],0.06463201865421779,24.70846950028483,Nov-05-2022 14:25:56,False,21.74852773394351
29,2,Point star value,[60.59545135 93.60095978  8.46210957],[ 76.54079656 102.30567602   6.8729558 ],[ 1340011.36133732 10506284.46143299     2566.60468769],[ 1340027.30668253 10506293.16614923     2565.01553392],0.08747657402290235,28.70846950028483,Nov-05-2022 14:25:56,False,18.235995400393023
30,2,Point star value,[60.59545135 93.60095978  8.46210957],[ 73.60271497 101.96009045   7.00862265],[ 1340011.36133732 10506284.46143299     2566.60468769],[ 1340024.36860094 10506292.82056366     2565.15120077],0.0940056728009892,32.70846950028483,Nov-05-2022 14:25:56,False,15.529861443659476
31,2,Point star value,[60.59545135 93.60095978  8.46210957],[ 71.51984762 101.71509762   6.94574523],[ 1340011.36133732 10506284.46143299     2566.60468769],[ 1340022.28573359 10506292.57557083     2565.08832335],0.11143062519498871,36.70846950028483,Nov-05-2022 14:25:56,False,13.69237114386629
32,2,Point star value,[60.59545135 93.60095978  8.46210957],[ 69.78098486 101.5105676    6.69613838],[ 1340011.36133732 10506284.46143299     2566.60468769],[ 1340020.54687083 10506292.37104081     2564.83871651],0.14568660467252265,40.70846950028483,Nov-05-2022 14:25:56,False,12.249676565051466
33,2,Point star value,[60.59545135 93.60095978  8.46210957],[ 68.42314486 101.35085457   6.75230742],[ 1340011.36133732 10506284.46143299     2566.60468769],[ 1340019.18903083 10506292.21132778     2564.89488554],0.1552226947799777,44.70846950028483,Nov-05-2022 14:25:56,False,11.14706591109007
34,2,Point star value,[60.59545135 93.60095978  8.46210957],[ 67.48988888 101.4745392    6.87646008],[ 1340011.36133732 10506284.46143299     2566.60468769],[ 1340018.25577485 10506292.33501241     2565.0190382 ],0.15151217917024867,48.70846950028483,Nov-05-2022 14:25:56,False,10.584932966865331
35,2,Point star value,[60.59545135 93.60095978  8.46210957],[ 67.36697355 102.51953441   6.9049952 ],[ 1340011.36133732 10506284.46143299     2566.60468769],[ 1340018.13285952 10506293.38000762     2565.04757333],0.13905329696832264,52.70846950028483,Nov-05-2022 14:25:56,False,11.305710563051544
36,2,Point star value,[60.59545135 93.60095978  8.46210957],[ 67.22524028 103.72451501   7.1490953 ],[ 1340011.36133732 10506284.46143299     2566.60468769],[ 1340017.99112625 10506294.58498822     2565.29167342],0.10850228545190453,56.70846950028483,Nov-05-2022 14:25:56,False,12.172283196019714
37,2,Point star value,[60.59545135 93.60095978  8.46210957],[ 67.0740398  105.00998339   7.2084682 ],[ 1340011.36133732 10506284.46143299     2566.60468769],[ 1340017.83992577 10506295.8704566      2565.35104632],0.09555095423998554,60.70846950028483,Nov-05-2022 14:25:56,False,13.179891683981825
38,2,Point star value,[60.59545135 93.60095978  8.46210957],[ 66.84076436 106.99323255   7.45467091],[ 1340011.36133732 10506284.46143299     2566.60468769],[ 1340017.60665033 10506297.85370576     2565.59724903],0.06817657004469302,64.70846950028483,Nov-05-2022 14:25:56,False,14.811206469392994
39,2,Point star value,[60.59545135 93.60095978  8.46210957],[ 66.591158   109.11532301   7.6136663 ],[ 1340011.36133732 10506284.46143299     2566.60468769],[ 1340017.35704397 10506299.97579622     2565.75624442],0.05101080874440665,68.70846950028483,Nov-05-2022 14:25:56,False,16.65424332021998
40,2,Point star value,[60.59545135 93.60095978  8.46210957],[ 66.2779475  111.77815985   7.43464637],[ 1340011.36133732 10506284.46143299     2566.60468769],[ 1340017.04383347 10506302.63863306     2565.57722449],0.05395002869787411,72.70846950028483,Nov-05-2022 14:25:56,False,19.072415829142834
41,2,Point star value,[60.59545135 93.60095978  8.46210957],[ 65.79321278 115.89925251   7.24170923],[ 1340011.36133732 10506284.46143299     2566.60468769],[ 1340016.55909875 10506306.75972572     2565.38428736],0.05330170987632968,76.70846950028483,Nov-05-2022 14:25:56,False,22.928583893941745
42,2,Point star value,[60.59545135 93.60095978  8.46210957],[ 65.12540405 121.57679432   7.27655196],[ 1340011.36133732 10506284.46143299     2566.60468769],[ 1340015.89129001 10506312.43726753     2565.41913009],0.04183304894698548,80.70846950028483,Nov-05-2022 14:25:56,False,28.365001966585567
43,2,Point star value,[60.59545135 93.60095978  8.46210957],[ 63.22029114 123.36434937   6.35211515],[ 1340011.36133732 10506284.46143299     2566.60468769],[ 1340013.98617711 10506314.22482258     2564.49469328],0.07061819029872336,84.70846950028483,Nov-05-2022 14:25:56,True,29.953317346044347
44,2,Point star value,[60.59545135 93.60095978  8.46210957],[ 61.205616   123.51620483   6.48387718],[ 1340011.36133732 10506284.46143299     2566.60468769],[ 1340011.97150197 10506314.37667804     2564.62645531],0.06611415086953419,88.70846950028483,Nov-05-2022 14:25:56,True,29.986790275460162
45,2,Point star value,[60.59545135 93.60095978  8.46210957],[ 59.07195282 123.50413513   6.5906086 ],[ 1340011.36133732 10506284.46143299     2566.60468769],[ 1340009.83783879 10506314.36460834     2564.73318672],0.06250429145628167,92.70846950028483,Nov-05-2022 14:25:56,True,30.00039099604616
46,2,Point star value,[60.59545135 93.60095978  8.46210957],[ 57.01096725 123.27114868   6.74139404],[ 1340011.36133732 10506284.46143299     2566.60468769],[ 1340007.77685322 10506314.13162189     2564.88397217],0.05757611332182706,96.70846950028483,Nov-05-2022 14:25:56,True,29.935422124359263
47,2,Point star maximum,[60.59545135 93.60095978  8.46210957],[ 63.22029114 123.36434937   6.35211515],[ 1340011.36133732 10506284.46143299     2566.60468769],[ 1340013.98617711 10506314.22482258     2564.49469328],0.07061819029872336,84.70846950028483,Nov-05-2022 14:25:56,True,29.953317346044347
1,3,Point star value,[62.25561905 88.41191101  8.5173769 ],[ 60.83538572 100.45836061   7.71779418],[ 1340013.02150502 10506279.27238422     2566.65995502],[ 1340011.60127169 10506291.31883382     2565.8603723 ],0.0659184312278115,-83.29153049971517,Nov-05-2022 14:25:56,False,12.15620595149757
2,3,Point star value,[62.25561905 88.41191101  8.5173769 ],[ 59.99460899 100.35946604   7.73231196],[ 1340013.02150502 10506279.27238422     2566.65995502],[ 1340010.76049496 10506291.21993925     2565.87489009],0.06456330515092995,-79.29153049971517,Nov-05-2022 14:25:56,False,12.184931867893097
3,3,Point star value,[62.25561905 88.41191101  8.5173769 ],[ 59.14184905 100.25916197   7.75033402],[ 1340013.02150502 10506279.27238422     2566.65995502],[ 1340009.90773502 10506291.11963518     2565.89291215],0.06261774392472631,-75.29153049971517,Nov-05-2022 14:25:56,False,12.27360068449998
4,3,Point star value,[62.25561905 88.41191101  8.5173769 ],[ 58.30893274 100.16119197   7.75624132],[ 1340013.02150502 10506279.27238422     2566.65995502],[ 1340009.07481871 10506291.02166518     2565.89881945],0.06140947804102578,-71.29153049971517,Nov-05-2022 14:25:56,False,12.417780126096577
5,3,Point star value,[62.25561905 88.41191101  8.5173769 ],[ 57.37315657 100.0511233    7.76224875],[ 1340013.02150502 10506279.27238422     2566.65995502],[ 1340008.13904254 10506290.91159651     2565.90482688],0.059827319383758,-67.29153049971517,Nov-05-2022 14:25:56,False,12.644363211388452
6,3,Point star value,[62.25561905 88.41191101  8.5173769 ],[56.45142925 99.94270709  7.77346253],[ 1340013.02150502 10506279.27238422     2566.65995502],[ 1340007.21731522 10506290.8031803      2565.91604066],0.057626607365786446,-63.29153049971517,Nov-05-2022 14:25:56,False,12.930633627283035
7,3,Point star value,[62.25561905 88.41191101  8.5173769 ],[55.46292754 99.82643669  7.77326226],[ 1340013.02150502 10506279.27238422     2566.65995502],[ 1340006.22881351 10506290.6869099      2565.91584039],0.05602103162204582,-59.29153049971517,Nov-05-2022 14:25:56,False,13.3035995485812
8,3,Point star value,[62.25561905 88.41191101  8.5173769 ],[54.40123445 99.70155731  7.80109644],[ 1340013.02150502 10506279.27238422     2566.65995502],[ 1340005.16712042 10506290.56203051     2565.94367456],0.05208142216509491,-55.29153049971517,Nov-05-2022 14:25:56,False,13.771729321721669
9,3,Point star value,[62.25561905 88.41191101  8.5173769 ],[53.36105108 99.57920796  7.81261063],[ 1340013.02150502 10506279.27238422     2566.65995502],[ 1340004.12693705 10506290.43968117     2565.95518875],0.049365067149649666,-51.29153049971517,Nov-05-2022 14:25:56,False,14.294004194809748
10,3,Point star value,[62.25561905 88.41191101  8.5173769 ],[52.04377552 99.42426623  7.80309892],[ 1340013.02150502 10506279.27238422     2566.65995502],[ 1340002.80966149 10506290.28473944     2565.94567704],0.04756004647331277,-47.29153049971517,Nov-05-2022 14:25:56,False,15.035421805435053
11,3,Point star value,[62.25561905 88.41191101  8.5173769 ],[50.71707946 99.26821644  7.7946887 ],[ 1340013.02150502 10506279.27238422     2566.65995502],[ 1340001.48296543 10506290.12868965     2565.93726683],0.04561592324385363,-43.29153049971517,Nov-05-2022 14:25:56,False,15.85936763341919
12,3,Point star value,[62.25561905 88.41191101  8.5173769 ],[49.22354636 99.0925428   7.84274769],[ 1340013.02150502 10506279.27238422     2566.65995502],[ 1339999.98943233 10506289.95301601     2565.98532581],0.040038165908689645,-39.29153049971517,Nov-05-2022 14:25:56,False,16.863153277464967
13,3,Point star value,[62.25561905 88.41191101  8.5173769 ],[47.44176233 98.88296426  7.81120896],[ 1340013.02150502 10506279.27238422     2566.65995502],[ 1339998.2076483  10506289.74343747     2565.95378709],0.038926779005611006,-35.29153049971517,Nov-05-2022 14:25:56,False,18.154668274976153
14,3,Point star value,[62.25561905 88.41191101  8.5173769 ],[45.45372697 98.64912584  7.83013225],[ 1340013.02150502 10506279.27238422     2566.65995502],[ 1339996.21961294 10506289.50959905     2565.97271037],0.03492990940655097,-31.29153049971517,Nov-05-2022 14:25:56,False,19.686961423330935
15,3,Point star value,[62.25561905 88.41191101  8.5173769 ],[43.06322079 98.36794766  7.9831202 ],[ 1340013.02150502 10506279.27238422     2566.65995502],[ 1339993.82910675 10506289.22842087     2566.12569833],0.024709998700878727,-27.29153049971517,Nov-05-2022 14:25:56,False,21.62767317739412
16,3,Point star value,[62.25561905 88.41191101  8.5173769 ],[40.13862291 98.02394808  7.76184821],[ 1340013.02150502 10506279.27238422     2566.65995502],[ 1339990.90450888 10506288.88442129     2565.90442634],0.03132971134801068,-23.29153049971517,Nov-05-2022 14:25:56,False,24.12723768788075
17,3,Point star value,[62.25561905 88.41191101  8.5173769 ],[35.80006532 97.51363451  7.80970716],[ 1340013.02150502 10506279.27238422     2566.65995502],[ 1339986.56595129 10506288.37410772     2565.95228529],0.02529429027975398,-19.29153049971517,Nov-05-2022 14:25:56,False,27.98639830853944
18,3,Point star value,[62.25561905 88.41191101  8.5173769 ],[91.21302795 80.64202118  7.0403614 ],[ 1340013.02150502 10506279.27238422     2566.65995502],[ 1340041.97891392 10506271.50249439     2565.18293953],0.049263890311415294,-15.291530499715169,Nov-05-2022 14:25:56,True,30.018066114604085
19,3,Point star value,[62.25561905 88.41191101  8.5173769 ],[91.67090607 82.48181915  7.12786913],[ 1340013.02150502 10506279.27238422     2566.65995502],[ 1340042.43679203 10506273.34229236     2565.27044725],0.046305991049656915,-11.291530499715169,Nov-05-2022 14:25:56,True,30.039238199869548
20,3,Point star value,[62.25561905 88.41191101  8.5173769 ],[91.9773941  84.74017334  6.99710846],[ 1340013.02150502 10506279.27238422     2566.65995502],[ 1340042.74328007 10506275.60064655     2565.13968658],0.050764089824688996,-7.2915304997151695,Nov-05-2022 14:25:56,True,29.986276628989156
21,3,Point star value,[62.25561905 88.41191101  8.5173769 ],[92.1938324  86.78357697  7.55579519],[ 1340013.02150502 10506279.27238422     2566.65995502],[ 1340042.95971837 10506277.64405018     2565.69837332],0.032071471431514606,-3.2915304997151695,Nov-05-2022 14:25:56,True,29.9978787522771
22,3,Point star value,[62.25561905 88.41191101  8.5173769 ],[92.32096863 88.85303497  7.78587818],[ 1340013.02150502 10506279.27238422     2566.65995502],[ 1340043.0868546  10506279.71350818     2565.92845631],0.024327673065392,0.7084695002848305,Nov-05-2022 14:25:56,True,30.077482042616637
23,3,Point star value,[62.25561905 88.41191101  8.5173769 ],[92.20897675 90.94696045  7.78687906],[ 1340013.02150502 10506279.27238422     2566.65995502],[ 1340042.97486271 10506281.80743366     2565.92945719],0.024300968742685163,4.7084695002848305,Nov-05-2022 14:25:56,True,30.069315589849136
24,3,Point star value,[62.25561905 88.41191101  8.5173769 ],[92.0710907  92.91475677  7.79428816],[ 1340013.02150502 10506279.27238422     2566.65995502],[ 1340042.83697667 10506283.77522998     2565.93686628],0.0239802009309303,8.708469500284831,Nov-05-2022 14:25:56,True,30.16224174304803
25,3,Point star value,[62.25561905 88.41191101  8.5173769 ],[91.44332123 95.1784668   8.34957123],[ 1340013.02150502 10506279.27238422     2566.65995502],[ 1340042.2092072  10506286.03894001     2566.49214935],0.005600657705764185,12.708469500284831,Nov-05-2022 14:25:56,True,29.962249488943222
26,3,Point star value,[62.25561905 88.41191101  8.5173769 ],[90.96334839 96.97473145  7.72820711],[ 1340013.02150502 10506279.27238422     2566.65995502],[ 1340041.72923436 10506287.83520466     2565.87078524],0.026342922894324283,16.70846950028483,Nov-05-2022 14:25:56,True,29.96795632980775
27,3,Point star value,[62.25561905 88.41191101  8.5173769 ],[90.27642059 99.09539032  7.21217251],[ 1340013.02150502 10506279.27238422     2566.65995502],[ 1340041.04230656 10506289.95586353     2565.35475063],0.04352369265059895,20.70846950028483,Nov-05-2022 14:25:56,True,30.016755451413655
28,3,Point star value,[62.25561905 88.41191101  8.5173769 ],[ 89.55760956 100.84559631   6.54395103],[ 1340013.02150502 10506279.27238422     2566.65995502],[ 1340040.32349553 10506291.70606952     2564.68652916],0.06578103700541585,24.70846950028483,Nov-05-2022 14:25:56,True,30.064757201881857
29,3,Point star value,[62.25561905 88.41191101  8.5173769 ],[ 88.52311707 102.92160797   6.21054125],[ 1340013.02150502 10506279.27238422     2566.65995502],[ 1340039.28900303 10506293.78208118     2564.35311937],0.07687262647123662,28.70846950028483,Nov-05-2022 14:25:56,True,30.097080400696175
30,3,Point star value,[62.25561905 88.41191101  8.5173769 ],[ 85.68893721 103.38170653   7.24110818],[ 1340013.02150502 10506279.27238422     2566.65995502],[ 1340036.45482317 10506294.24217974     2565.3836863 ],0.04589780751775278,32.70846950028483,Nov-05-2022 14:25:56,False,27.836020540124412
31,3,Point star value,[62.25561905 88.41191101  8.5173769 ],[ 81.58476694 102.89896226   7.0599854 ],[ 1340013.02150502 10506279.27238422     2566.65995502],[ 1340032.3506529  10506293.75943547     2565.20256352],0.06033360781048988,36.70846950028483,Nov-05-2022 14:25:56,False,24.19947524356926
32,3,Point star value,[62.25561905 88.41191101  8.5173769 ],[ 78.66032694 102.55498126   7.03625631],[ 1340013.02150502 10506279.27238422     2566.65995502],[ 1340029.42621291 10506293.41545447     2565.17883444],0.0683815247966193,40.70846950028483,Nov-05-2022 14:25:56,False,21.710241712622185
33,3,Point star value,[62.25561905 88.41191101  8.5173769 ],[ 76.1445074  102.25906335   7.36676264],[ 1340013.02150502 10506279.27238422     2566.65995502],[ 1340026.91039337 10506293.11953656     2565.50934076],0.058667798677589644,44.70846950028483,Nov-05-2022 14:25:56,False,19.646087672734037
34,3,Point star value,[62.25561905 88.41191101  8.5173769 ],[ 74.13227065 102.0223783    6.9372344 ],[ 1340013.02150502 10506279.27238422     2566.65995502],[ 1340024.89815662 10506292.88285151     2565.07981253],0.08747580225103282,48.70846950028483,Nov-05-2022 14:25:56,False,18.132747271022552
35,3,Point star value,[62.25561905 88.41191101  8.5173769 ],[ 72.49491426 101.82978775   6.9202137 ],[ 1340013.02150502 10506279.27238422     2566.65995502],[ 1340023.26080022 10506292.69026096     2565.06279182],0.09462727772333021,52.70846950028483,Nov-05-2022 14:25:56,False,16.953864247669326
36,3,Point star value,[62.25561905 88.41191101  8.5173769 ],[ 71.00021999 101.65397753   6.98469281],[ 1340013.02150502 10506279.27238422     2566.65995502],[ 1340021.76610596 10506292.51445074     2565.12727094],0.09658445165851795,56.70846950028483,Nov-05-2022 14:25:56,False,15.942693998681749
37,3,Point star value,[62.25561905 88.41191101  8.5173769 ],[ 69.49263492 101.47665106   7.06879616],[ 1340013.02150502 10506279.27238422     2566.65995502],[ 1340020.25852089 10506292.33712427     2565.21137428],0.09699069595215933,60.70846950028483,Nov-05-2022 14:25:56,False,15.005339628485613
38,3,Point star value,[62.25561905 88.41191101  8.5173769 ],[ 68.32677626 101.33951942   7.22408724],[ 1340013.02150502 10506279.27238422     2566.65995502],[ 1340019.09266223 10506292.19999263     2565.36666536],0.09055238081337309,64.70846950028483,Nov-05-2022 14:25:56,False,14.340662720042475
39,3,Point star value,[62.25561905 88.41191101  8.5173769 ],[ 67.46838385 101.65736954   7.44195509],[ 1340013.02150502 10506279.27238422     2566.65995502],[ 1340018.23426982 10506292.51784275     2565.58453321],0.07555147512831628,68.70846950028483,Nov-05-2022 14:25:56,False,14.274859735178504
40,3,Point star value,[62.25561905 88.41191101  8.5173769 ],[ 67.14669108 104.39232051   7.61747074],[ 1340013.02150502 10506279.27238422     2566.65995502],[ 1340017.91257705 10506295.25279372     2565.76004887],0.053847408737256866,72.70846950028483,Nov-05-2022 14:25:56,False,16.736364733508257
41,3,Point star value,[62.25561905 88.41191101  8.5173769 ],[ 66.81477998 107.21414522   7.52535748],[ 1340013.02150502 10506279.27238422     2566.65995502],[ 1340017.58066594 10506298.07461843     2565.66793561],0.051274859660678976,76.70846950028483,Nov-05-2022 14:25:56,False,19.372507894921526
42,3,Point star value,[62.25561905 88.41191101  8.5173769 ],[ 66.21458019 112.31689277   7.41522217],[ 1340013.02150502 10506279.27238422     2566.65995502],[ 1340016.98046616 10506303.17736598     2565.55780029],0.045486085950518035,80.70846950028483,Nov-05-2022 14:25:56,False,24.255644112192343
43,3,Point star value,[62.25561905 88.41191101  8.5173769 ],[ 64.96005249 118.13977051   6.60622787],[ 1340013.02150502 10506279.27238422     2566.65995502],[ 1340015.72593846 10506309.00024372     2564.748806  ],0.0640237604217429,84.70846950028483,Nov-05-2022 14:25:56,True,29.911738182707605
44,3,Point star value,[62.25561905 88.41191101  8.5173769 ],[ 62.82203293 118.42685699   6.65989351],[ 1340013.02150502 10506279.27238422     2566.65995502],[ 1340013.5879189  10506309.2873302      2564.80247164],0.06187426542911979,88.70846950028483,Nov-05-2022 14:25:56,True,30.077700238405274
45,3,Point star value,[62.25561905 88.41191101  8.5173769 ],[ 60.75475311 118.38716888   6.77944088],[ 1340013.02150502 10506279.27238422     2566.65995502],[ 1340011.52063908 10506309.24764209     2564.922019  ],0.057906477200635444,92.70846950028483,Nov-05-2022 14:25:56,True,30.063085416385192
46,3,Point star value,[62.25561905 88.41191101  8.5173769 ],[ 58.67070007 118.07407379   6.92522001],[ 1340013.02150502 10506279.27238422     2566.65995502],[ 1340009.43658604 10506308.934547       2565.06779814],0.053288583495812676,96.70846950028483,Nov-05-2022 14:25:56,True,29.920402879116907
47,3,Point star maximum,[62.25561905 88.41191101  8.5173769 ],[ 88.52311707 102.92160797   6.21054125],[ 1340013.02150502 10506279.27238422     2566.65995502],[ 1340039.28900303 10506293.78208118     2564.35311937],0.07687262647123662,28.70846950028483,Nov-05-2022 14:25:56,True,30.097080400696175
1,4,Point star value,[63.97124481 83.23936462  8.54501152],[ 61.92257433 100.58623885   7.55909944],[ 1340014.73713078 10506274.09983783     2566.68758965],[ 1340012.6884603  10506291.44671206     2565.70167756],0.05644288303620064,-83.29153049971517,Nov-05-2022 14:25:56,False,17.495231312545084
2,4,Point star value,[63.97124481 83.23936462  8.54501152],[ 60.74425998 100.44764214   7.57982492],[ 1340014.73713078 10506274.09983783     2566.68758965],[ 1340011.51014594 10506291.30811535     2565.72240305],0.05512758250448795,-79.29153049971517,Nov-05-2022 14:25:56,False,17.534817685382563
3,4,Point star value,[63.97124481 83.23936462  8.54501152],[ 59.49134533 100.30027073   7.58402991],[ 1340014.73713078 10506274.09983783     2566.68758965],[ 1340010.25723129 10506291.16074394     2565.72660804],0.05447965502083777,-75.29153049971517,Nov-05-2022 14:25:56,False,17.665432406285348
4,4,Point star value,[63.97124481 83.23936462  8.54501152],[ 58.24656031 100.15385555   7.60705829],[ 1340014.73713078 10506274.09983783     2566.68758965],[ 1340009.01244628 10506291.01432876     2565.74963641],0.05252583696851623,-71.29153049971517,Nov-05-2022 14:25:56,False,17.88160429416471
5,4,Point star value,[63.97124481 83.23936462  8.54501152],[ 56.93946776 100.00011158   7.61226463],[ 1340014.73713078 10506274.09983783     2566.68758965],[ 1340007.70535373 10506290.86058479     2565.75484276],0.05131737993859748,-67.29153049971517,Nov-05-2022 14:25:56,False,18.199959991888285
6,4,Point star value,[63.97124481 83.23936462  8.54501152],[55.61345938 99.84414267  7.61156392],[ 1340014.73713078 10506274.09983783     2566.68758965],[ 1340006.37934535 10506290.70461588     2565.75414205],0.05021357620790008,-63.29153049971517,Nov-05-2022 14:25:56,False,18.6129674090061
7,4,Point star value,[63.97124481 83.23936462  8.54501152],[54.26172499 99.6851478   7.62898517],[ 1340014.73713078 10506274.09983783     2566.68758965],[ 1340005.02761096 10506290.54562101     2565.77156329],0.047964191590187784,-59.29153049971517,Nov-05-2022 14:25:56,False,19.120085350877602
8,4,Point star value,[63.97124481 83.23936462  8.54501152],[52.70732069 99.50231432  7.62588143],[ 1340014.73713078 10506274.09983783     2566.68758965],[ 1340003.47320666 10506290.36278753     2565.76845956],0.046461051193100324,-55.29153049971517,Nov-05-2022 14:25:56,False,19.804149046327527
9,4,Point star value,[63.97124481 83.23936462  8.54501152],[51.16034785 99.32035494  7.62638211],[ 1340014.73713078 10506274.09983783     2566.68758965],[ 1340001.92623382 10506290.18082815     2565.76896024],0.04468022152013878,-51.29153049971517,Nov-05-2022 14:25:56,False,20.58060277152968
10,4,Point star value,[63.97124481 83.23936462  8.54501152],[49.33983927 99.1062215   7.6058569 ],[ 1340014.73713078 10506274.09983783     2566.68758965],[ 1340000.10572524 10506289.96669471     2565.74843502],0.043513193898287145,-47.29153049971517,Nov-05-2022 14:25:56,False,21.603638276825635
11,4,Point star value,[63.97124481 83.23936462  8.54501152],[47.29282786 98.86544616  7.59374189],[ 1340014.73713078 10506274.09983783     2566.68758965],[ 1339998.05871383 10506289.72591937     2565.73632002],0.04162222746963438,-43.29153049971517,Nov-05-2022 14:25:56,False,22.874635077325156
12,4,Point star value,[63.97124481 83.23936462  8.54501152],[45.31388495 98.63267723  7.55108953],[ 1340014.73713078 10506274.09983783     2566.68758965],[ 1339996.07977092 10506289.49315044     2565.69366765],0.04109182055640929,-39.29153049971517,Nov-05-2022 14:25:56,False,24.208243031127722
13,4,Point star value,[63.97124481 83.23936462  8.54501152],[42.69607602 98.32476304  8.06702375],[ 1340014.73713078 10506274.09983783     2566.68758965],[ 1339993.46196199 10506289.18523625     2566.20960188],0.01832727144573818,-35.29153049971517,Nov-05-2022 14:25:56,False,26.085063252810446
14,4,Point star value,[63.97124481 83.23936462  8.54501152],[39.6523857  97.96675547  8.026474  ],[ 1340014.73713078 10506274.09983783     2566.68758965],[ 1339990.41827167 10506288.82722867     2566.16905212],0.018238667484198844,-31.29153049971517,Nov-05-2022 14:25:56,False,28.435397494484413
15,4,Point star value,[63.97124481 83.23936462  8.54501152],[90.51397705 69.32758331  7.09282589],[ 1340014.73713078 10506274.09983783     2566.68758965],[ 1340041.27986302 10506260.18805652     2565.23540401],0.048458597249090365,-27.29153049971517,Nov-05-2022 14:25:56,True,30.00271882765593
16,4,Point star value,[63.97124481 83.23936462  8.54501152],[91.40393829 71.40691376  6.85233021],[ 1340014.73713078 10506274.09983783     2566.68758965],[ 1340042.16982426 10506262.26738697     2564.99490833],0.05665739404910405,-23.29153049971517,Nov-05-2022 14:25:56,True,29.923648427049745
17,4,Point star value,[63.97124481 83.23936462  8.54501152],[92.21226501 73.48432922  7.01352835],[ 1340014.73713078 10506274.09983783     2566.68758965],[ 1340042.97815098 10506264.34480243     2565.15610647],0.05125728342155622,-19.29153049971517,Nov-05-2022 14:25:56,True,29.91757641352197
18,4,Point star value,[63.97124481 83.23936462  8.54501152],[92.72997284 75.33930206  6.87255526],[ 1340014.73713078 10506274.09983783     2566.68758965],[ 1340043.49585881 10506266.19977527     2565.01513338],0.056077390044199794,-15.291530499715169,Nov-05-2022 14:25:56,True,29.870931290732262
19,4,Point star value,[63.97124481 83.23936462  8.54501152],[93.36686707 77.36175537  6.69954252],[ 1340014.73713078 10506274.09983783     2566.68758965],[ 1340044.13275303 10506268.22222858     2564.84212065],0.06156185969837078,-11.291530499715169,Nov-05-2022 14:25:56,True,30.034224711455106
20,4,Point star value,[63.97124481 83.23936462  8.54501152],[93.62997437 79.42913055  6.82930183],[ 1340014.73713078 10506274.09983783     2566.68758965],[ 1340044.39586033 10506270.28960376     2564.97187996],0.05737684186823238,-7.2915304997151695,Nov-05-2022 14:25:56,True,29.951657418340723
21,4,Point star value,[63.97124481 83.23936462  8.54501152],[93.90129089 81.48403931  6.71436071],[ 1340014.73713078 10506274.09983783     2566.68758965],[ 1340044.66717686 10506272.34451252     2564.85693884],0.0610593983289445,-3.2915304997151695,Nov-05-2022 14:25:56,True,30.037311926805344
22,4,Point star value,[63.97124481 83.23936462  8.54501152],[93.98918915 83.65454865  6.8214922 ],[ 1340014.73713078 10506274.09983783     2566.68758965],[ 1340044.75507512 10506274.51502186     2564.96407032],0.057410809791876086,0.7084695002848305,Nov-05-2022 14:25:56,True,30.070249064337077
23,4,Point star value,[63.97124481 83.23936462  8.54501152],[93.76225281 85.72303772  6.97848558],[ 1340014.73713078 10506274.09983783     2566.68758965],[ 1340044.52813878 10506276.58351093     2565.12106371],0.052402055443118684,4.7084695002848305,Nov-05-2022 14:25:56,True,29.935376946835095
24,4,Point star value,[63.97124481 83.23936462  8.54501152],[93.63685608 87.81560516  7.66813326],[ 1340014.73713078 10506274.09983783     2566.68758965],[ 1340044.40274205 10506278.67607837     2565.81071138],0.029213204926132656,8.708469500284831,Nov-05-2022 14:25:56,True,30.02930876346512
25,4,Point star value,[63.97124481 83.23936462  8.54501152],[93.22663879 89.85632324  7.72240019],[ 1340014.73713078 10506274.09983783     2566.68758965],[ 1340043.99252476 10506280.71679645     2565.86497831],0.027425524790889264,12.708469500284831,Nov-05-2022 14:25:56,True,30.005647931615933
26,4,Point star value,[63.97124481 83.23936462  8.54501152],[92.6603775  91.86858368  7.80289888],[ 1340014.73713078 10506274.09983783     2566.68758965],[ 1340043.42626347 10506282.72905689     2565.94547701],0.024771106063773543,16.70846950028483,Nov-05-2022 14:25:56,True,29.967991043722655
27,4,Point star value,[63.97124481 83.23936462  8.54501152],[92.0076828  93.87793732  7.79689169],[ 1340014.73713078 10506274.09983783     2566.68758965],[ 1340042.77356877 10506284.73841053     2565.93946981],0.024948125869755318,20.70846950028483,Nov-05-2022 14:25:56,True,29.996345899024192
28,4,Point star value,[63.97124481 83.23936462  8.54501152],[91.2598877  95.7427597   7.79589033],[ 1340014.73713078 10506274.09983783     2566.68758965],[ 1340042.02577366 10506286.60323291     2565.93846846],0.02495677711423189,24.70846950028483,Nov-05-2022 14:25:56,True,30.026090346714128
29,4,Point star value,[63.97124481 83.23936462  8.54501152],[90.33834076 97.66158295  7.61086273],[ 1340014.73713078 10506274.09983783     2566.68758965],[ 1340041.10422673 10506288.52205616     2565.75344086],0.031082667963613815,28.70846950028483,Nov-05-2022 14:25:56,True,30.068201875078206
30,4,Point star value,[63.97124481 83.23936462  8.54501152],[89.23695374 99.38830566  7.11204958],[ 1340014.73713078 10506274.09983783     2566.68758965],[ 1340040.0028397  10506290.24877887     2565.2546277 ],0.047788120197645625,32.70846950028483,Nov-05-2022 14:25:56,True,30.01995543030127
31,4,Point star value,[63.97124481 83.23936462  8.54501152],[ 87.90182495 101.15116882   6.70094442],[ 1340014.73713078 10506274.09983783     2566.68758965],[ 1340038.66771092 10506292.01164203     2564.84352255],0.06169189762324167,36.70846950028483,Nov-05-2022 14:25:56,True,29.948388586451294
32,4,Point star value,[63.97124481 83.23936462  8.54501152],[ 86.67974854 102.75863647   6.40958595],[ 1340014.73713078 10506274.09983783     2566.68758965],[ 1340037.4456345  10506293.61910968     2564.55216408],0.07131258069499864,40.70846950028483,Nov-05-2022 14:25:56,True,30.020628862101148
33,4,Point star value,[63.97124481 83.23936462  8.54501152],[ 84.25785977 103.2133791    7.35364676],[ 1340014.73713078 10506274.09983783     2566.68758965],[ 1340035.02374574 10506294.07385231     2565.49622488],0.041847170500878994,44.70846950028483,Nov-05-2022 14:25:56,False,28.494338925774223
34,4,Point star value,[63.97124481 83.23936462  8.54501152],[ 81.22115065 102.85619268   7.20706654],[ 1340014.73713078 10506274.09983783     2566.68758965],[ 1340031.98703662 10506293.71666589     2565.34964466],0.05121832451981838,48.70846950028483,Nov-05-2022 14:25:56,False,26.15662996254121
35,4,Point star value,[63.97124481 83.23936462  8.54501152],[ 78.65882893 102.55480505   7.49632215],[ 1340014.73713078 10506274.09983783     2566.68758965],[ 1340029.4247149  10506293.41527827     2565.63890028],0.04321741350338699,52.70846950028483,Nov-05-2022 14:25:56,False,24.288085877957002
36,4,Point star value,[63.97124481 83.23936462  8.54501152],[ 76.61413071 102.31430179   7.18083429],[ 1340014.73713078 10506274.09983783     2566.68758965],[ 1340027.38001668 10506293.174775       2565.32341242],0.05961166515219949,56.70846950028483,Nov-05-2022 14:25:56,False,22.925025000713312
37,4,Point star value,[63.97124481 83.23936462  8.54501152],[ 74.52848656 102.06898235   7.28366065],[ 1340014.73713078 10506274.09983783     2566.68758965],[ 1340025.29437253 10506292.92945556     2565.42623878],0.058430332747380014,60.70846950028483,Nov-05-2022 14:25:56,False,21.624080634811705
38,4,Point star value,[63.97124481 83.23936462  8.54501152],[ 72.77543342 101.86278322   7.53416872],[ 1340014.73713078 10506274.09983783     2566.68758965],[ 1340023.54131939 10506292.72325643     2565.67674685],0.04907087967280292,64.70846950028483,Nov-05-2022 14:25:56,False,20.62443357883585
39,4,Point star value,[63.97124481 83.23936462  8.54501152],[ 71.28174473 101.68709128   7.537673  ],[ 1340014.73713078 10506274.09983783     2566.68758965],[ 1340022.04763069 10506292.54756449     2565.68025112],0.050764314575547496,68.70846950028483,Nov-05-2022 14:25:56,False,19.868989874449408
40,4,Point star value,[63.97124481 83.23936462  8.54501152],[ 69.61435968 101.49096867   7.76144814],[ 1340014.73713078 10506274.09983783     2566.68758965],[ 1340020.38024565 10506292.35144188     2565.90402627],0.041015503389990285,72.70846950028483,Nov-05-2022 14:25:56,False,19.120140358506227
41,4,Point star value,[63.97124481 83.23936462  8.54501152],[ 68.27452359 101.33337331   7.71218753],[ 1340014.73713078 10506274.09983783     2566.68758965],[ 1340019.04040956 10506292.19384652     2565.85476565],0.044778631432787736,76.70846950028483,Nov-05-2022 14:25:56,False,18.61732941407233
42,4,Point star value,[63.97124481 83.23936462  8.54501152],[ 67.25540488 103.46806313   7.62107563],[ 1340014.73713078 10506274.09983783     2566.68758965],[ 1340018.02129085 10506294.32853634     2565.76365376],0.045084209186227873,80.70846950028483,Nov-05-2022 14:25:56,False,20.51437564884926
43,4,Point star value,[63.97124481 83.23936462  8.54501152],[ 66.42869427 110.49654877   7.69156218],[ 1340014.73713078 10506274.09983783     2566.68758965],[ 1340017.19458024 10506301.35702198     2565.8341403 ],0.031184503053264284,84.70846950028483,Nov-05-2022 14:25:56,False,27.381043098794173
44,4,Point star value,[63.97124481 83.23936462  8.54501152],[ 64.5865097  113.16094971   6.9688735 ],[ 1340014.73713078 10506274.09983783     2566.68758965],[ 1340015.35239567 10506304.02142292     2565.11145163],0.0526644865177432,88.70846950028483,Nov-05-2022 14:25:56,True,29.969384642071365
45,4,Point star value,[63.97124481 83.23936462  8.54501152],[ 62.50912476 113.10466766   7.07320166],[ 1340014.73713078 10506274.09983783     2566.68758965],[ 1340013.27501072 10506303.96514087     2565.21577978],0.04922264501283036,92.70846950028483,Nov-05-2022 14:25:56,True,29.937273506094403
46,4,Point star value,[63.97124481 83.23936462  8.54501152],[ 60.4335289  112.92960358   7.18433857],[ 1340014.73713078 10506274.09983783     2566.68758965],[ 1340011.19941487 10506303.79007679     2565.32691669],0.04550705638251297,96.70846950028483,Nov-05-2022 14:25:56,True,29.931207022380825
47,4,Point star maximum,[63.97124481 83.23936462  8.54501152],[ 86.67974854 102.75863647   6.40958595],[ 1340014.73713078 10506274.09983783     2566.68758965],[ 1340037.4456345  10506293.61910968     2564.55216408],0.07131258069499864,40.70846950028483,Nov-05-2022 14:25:56,True,30.020628862101148
1,5,Point star value,[65.57633972 78.04094696  8.51317215],[ 62.88502548 100.69944511   7.35144401],[ 1340016.34222569 10506268.90142017     2566.65575027],[ 1340013.65091145 10506291.55991832     2565.49402213],0.05091330358891027,-83.29153049971517,Nov-05-2022 14:25:56,False,22.847326384683612
2,5,Point star value,[65.57633972 78.04094696  8.51317215],[ 61.27249433 100.50977457   7.38598633],[ 1340016.34222569 10506268.90142017     2566.65575027],[ 1340012.0383803  10506291.37024779     2565.52856445],0.049270907981129236,-79.29153049971517,Nov-05-2022 14:25:56,False,22.905061610977274
3,5,Point star value,[65.57633972 78.04094696  8.51317215],[ 59.67567522 100.32195214   7.40941525],[ 1340016.34222569 10506268.90142017     2566.65575027],[ 1340010.44156119 10506291.18242535     2565.55199337],0.04788720085868205,-75.29153049971517,Nov-05-2022 14:25:56,False,23.075513266979982
4,5,Point star value,[65.57633972 78.04094696  8.51317215],[ 58.06013383 100.13192753   7.42473412],[ 1340016.34222569 10506268.90142017     2566.65575027],[ 1340008.8260198  10506290.99240074     2565.56731224],0.04664476006995898,-71.29153049971517,Nov-05-2022 14:25:56,False,23.359997236318474
5,5,Point star value,[65.57633972 78.04094696  8.51317215],[56.53510123 99.95254883  7.44005299],[ 1340016.34222569 10506268.90142017     2566.65575027],[ 1340007.3009872  10506290.81302204     2565.58263111],0.04527234683257259,-67.29153049971517,Nov-05-2022 14:25:56,False,23.72791340475721
6,5,Point star value,[65.57633972 78.04094696  8.51317215],[54.61056103 99.7261789   7.45236802],[ 1340016.34222569 10506268.90142017     2566.65575027],[ 1340005.376447   10506290.58665211     2565.59494615],0.04365421046343174,-63.29153049971517,Nov-05-2022 14:25:56,False,24.323299361779817
7,5,Point star value,[65.57633972 78.04094696  8.51317215],[52.92762377 99.528227    7.46878815],[ 1340016.34222569 10506268.90142017     2566.65575027],[ 1340003.69350974 10506290.38870021     2565.61136627],0.04188631417461414,-59.29153049971517,Nov-05-2022 14:25:56,False,24.955639771612663
8,5,Point star value,[65.57633972 78.04094696  8.51317215],[50.85636577 99.2845997   7.46618509],[ 1340016.34222569 10506268.90142017     2566.65575027],[ 1340001.62225174 10506290.14507291     2565.60876322],0.040510042526856645,-55.29153049971517,Nov-05-2022 14:25:56,False,25.86632166624808
9,5,Point star value,[65.57633972 78.04094696  8.51317215],[48.73556258 99.03514475  7.45787477],[ 1340016.34222569 10506268.90142017     2566.65575027],[ 1339999.50144855 10506289.89561796     2565.6004529 ],0.039209851264528,-51.29153049971517,Nov-05-2022 14:25:56,False,26.934768757504003
10,5,Point star value,[65.57633972 78.04094696  8.51317215],[46.37510664 98.75750116  7.43965244],[ 1340016.34222569 10506268.90142017     2566.65575027],[ 1339997.14099261 10506289.61797437     2565.58223057],0.03800544890991978,-47.29153049971517,Nov-05-2022 14:25:56,False,28.266860708188975
11,5,Point star value,[65.57633972 78.04094696  8.51317215],[43.86839971 98.46265511  7.40761304],[ 1340016.34222569 10506268.90142017     2566.65575027],[ 1339994.63428568 10506289.32312832     2565.55019116],0.037094269650457486,-43.29153049971517,Nov-05-2022 14:25:56,False,29.824538288141053
12,5,Point star value,[65.57633972 78.04094696  8.51317215],[88.7110672  59.11103821  6.23417044],[ 1340016.34222569 10506268.90142017     2566.65575027],[ 1340039.47695317 10506249.97151142     2564.37674856],0.0762401085724143,-39.29153049971517,Nov-05-2022 14:25:56,True,29.979174599466415
13,5,Point star value,[65.57633972 78.04094696  8.51317215],[90.08555603 60.72619629  6.46885872],[ 1340016.34222569 10506268.90142017     2566.65575027],[ 1340040.851442   10506251.5866695      2564.61143684],0.06812477403199751,-35.29153049971517,Nov-05-2022 14:25:56,True,30.077923669645436
14,5,Point star value,[65.57633972 78.04094696  8.51317215],[91.21554565 62.49448395  7.25742817],[ 1340016.34222569 10506268.90142017     2566.65575027],[ 1340041.98143162 10506253.35495716     2565.40000629],0.04187997661959171,-31.29153049971517,Nov-05-2022 14:25:56,True,30.010636214592086
15,5,Point star value,[65.57633972 78.04094696  8.51317215],[92.26146698 64.31497192  5.62361956],[ 1340016.34222569 10506268.90142017     2566.65575027],[ 1340043.02735295 10506255.17544513     2563.76619768],0.09629176094489761,-27.29153049971517,Nov-05-2022 14:25:56,True,30.147104698240955
16,5,Point star value,[65.57633972 78.04094696  8.51317215],[93.0605011  66.09310913  5.7802124 ],[ 1340016.34222569 10506268.90142017     2566.65575027],[ 1340043.82638707 10506256.95358234     2563.92279053],0.0911934496307587,-23.29153049971517,Nov-05-2022 14:25:56,True,30.093172388052096
17,5,Point star value,[65.57633972 78.04094696  8.51317215],[93.76029205 68.25139618  5.84549236],[ 1340016.34222569 10506268.90142017     2566.65575027],[ 1340044.52617802 10506259.11186939     2563.98807049],0.08941226686421225,-19.29153049971517,Nov-05-2022 14:25:56,True,29.954749021976987
18,5,Point star value,[65.57633972 78.04094696  8.51317215],[94.38785553 70.19564056  5.69630909],[ 1340016.34222569 10506268.90142017     2566.65575027],[ 1340045.1537415  10506261.05611377     2563.83888721],0.09433393991773603,-15.291530499715169,Nov-05-2022 14:25:56,True,29.993115762024605
19,5,Point star value,[65.57633972 78.04094696  8.51317215],[95.02028656 72.21763611  5.75277853],[ 1340016.34222569 10506268.90142017     2566.65575027],[ 1340045.78617253 10506263.07810932     2563.89535666],0.09196934575619192,-11.291530499715169,Nov-05-2022 14:25:56,True,30.14094768974058
20,5,Point star value,[65.57633972 78.04094696  8.51317215],[95.21229553 74.30771637  6.17089272],[ 1340016.34222569 10506268.90142017     2566.65575027],[ 1340045.9781815  10506265.16818958     2564.31347084],0.07841534397762578,-7.2915304997151695,Nov-05-2022 14:25:56,True,29.96186176453024
21,5,Point star value,[65.57633972 78.04094696  8.51317215],[95.35103607 76.34553528  6.24097872],[ 1340016.34222569 10506268.90142017     2566.65575027],[ 1340046.11692204 10506267.20600849     2564.38355684],0.07618948489975712,-3.2915304997151695,Nov-05-2022 14:25:56,True,29.909360182126587
22,5,Point star value,[65.57633972 78.04094696  8.51317215],[95.59316254 78.44132233  6.3008523 ],[ 1340016.34222569 10506268.90142017     2566.65575027],[ 1340046.3590485  10506269.30179554     2564.44343042],0.07369611006751546,0.7084695002848305,Nov-05-2022 14:25:56,True,30.100902170204755
23,5,Point star value,[65.57633972 78.04094696  8.51317215],[95.48545837 80.67819214  6.41118813],[ 1340016.34222569 10506268.90142017     2566.65575027],[ 1340046.25134434 10506271.53866535     2564.55376625],0.07000741318114784,4.7084695002848305,Nov-05-2022 14:25:56,True,30.09865075925145
24,5,Point star value,[65.57633972 78.04094696  8.51317215],[95.15782928 82.51102448  6.5817976 ],[ 1340016.34222569 10506268.90142017     2566.65575027],[ 1340045.92371525 10506273.37149769     2564.72437572],0.06455706800082112,8.708469500284831,Nov-05-2022 14:25:56,True,29.979598486371014
25,5,Point star value,[65.57633972 78.04094696  8.51317215],[94.78447723 84.63463593  6.65568876],[ 1340016.34222569 10506268.90142017     2566.65575027],[ 1340045.5503632  10506275.49510914     2564.79826689],0.0620336736455557,12.708469500284831,Nov-05-2022 14:25:56,True,30.000704585560225
26,5,Point star value,[65.57633972 78.04094696  8.51317215],[94.18413544 86.6792984   7.26904249],[ 1340016.34222569 10506268.90142017     2566.65575027],[ 1340044.95002141 10506277.53977161     2565.41162062],0.04163258006739648,16.70846950028483,Nov-05-2022 14:25:56,True,29.909445830771002
27,5,Point star value,[65.57633972 78.04094696  8.51317215],[93.63680267 88.47964478  7.73841953],[ 1340016.34222569 10506268.90142017     2566.65575027],[ 1340044.40268864 10506279.34011799     2565.88099766],0.025877528081828593,20.70846950028483,Nov-05-2022 14:25:56,True,29.949227615257804
28,5,Point star value,[65.57633972 78.04094696  8.51317215],[92.85688019 90.55859375  7.98011684],[ 1340016.34222569 10506268.90142017     2566.65575027],[ 1340043.62276616 10506281.41906696     2566.12269497],0.017759441672950595,24.70846950028483,Nov-05-2022 14:25:56,True,30.02005191935139
29,5,Point star value,[65.57633972 78.04094696  8.51317215],[91.92799377 92.5059433   7.78267384],[ 1340016.34222569 10506268.90142017     2566.65575027],[ 1340042.69387974 10506283.36641651     2565.92525196],0.024300773804587453,28.70846950028483,Nov-05-2022 14:25:56,True,30.069576288281773
30,5,Point star value,[65.57633972 78.04094696  8.51317215],[90.83126831 94.23097229  7.81491375],[ 1340016.34222569 10506268.90142017     2566.65575027],[ 1340041.59715428 10506285.0914455      2565.95749187],0.023276206692133608,32.70846950028483,Nov-05-2022 14:25:56,True,30.00693091595109
31,5,Point star value,[65.57633972 78.04094696  8.51317215],[89.6415863  95.92089081  7.77266169],[ 1340016.34222569 10506268.90142017     2566.65575027],[ 1340040.40747227 10506286.78136402     2565.91523981],0.02469976299280952,36.70846950028483,Nov-05-2022 14:25:56,True,29.98961221483496
32,5,Point star value,[65.57633972 78.04094696  8.51317215],[88.26281738 97.78524017  7.45366955],[ 1340016.34222569 10506268.90142017     2566.65575027],[ 1340039.02870335 10506288.64571338     2565.59624767],0.03522853060210062,40.70846950028483,Nov-05-2022 14:25:56,True,30.093785552976282
33,5,Point star value,[65.57633972 78.04094696  8.51317215],[86.86952972 99.04439545  7.01092529],[ 1340016.34222569 10506268.90142017     2566.65575027],[ 1340037.63541569 10506289.90486866     2565.15350342],0.05022734925901387,44.70846950028483,Nov-05-2022 14:25:56,True,29.946644793972215
34,5,Point star value,[65.57633972 78.04094696  8.51317215],[ 85.42132568 100.44290161   6.71996737],[ 1340016.34222569 10506268.90142017     2566.65575027],[ 1340036.18721165 10506291.30337482     2564.86254549],0.05991776740965862,48.70846950028483,Nov-05-2022 14:25:56,True,29.98143798098037
35,5,Point star value,[65.57633972 78.04094696  8.51317215],[ 83.72254181 101.8243103    6.58520174],[ 1340016.34222569 10506268.90142017     2566.65575027],[ 1340034.48842778 10506292.68478351     2564.72777987],0.06444735489379164,52.70846950028483,Nov-05-2022 14:25:56,True,29.977493090108364
36,5,Point star value,[65.57633972 78.04094696  8.51317215],[ 81.76681029 102.92037473   7.61717057],[ 1340016.34222569 10506268.90142017     2566.65575027],[ 1340032.53269626 10506293.78084794     2565.7597487 ],0.030185051360140096,56.70846950028483,Nov-05-2022 14:25:56,False,29.69713928877115
37,5,Point star value,[65.57633972 78.04094696  8.51317215],[ 79.25927807 102.6254316    7.9402678 ],[ 1340016.34222569 10506268.90142017     2566.65575027],[ 1340030.02516404 10506293.48590481     2566.08284593],0.020362159050111125,60.70846950028483,Nov-05-2022 14:25:56,False,28.14156901266337
38,5,Point star value,[65.57633972 78.04094696  8.51317215],[ 77.01624341 102.36159944   8.04229331],[ 1340016.34222569 10506268.90142017     2566.65575027],[ 1340027.78212938 10506293.22207265     2566.18487144],0.017519861409357636,64.70846950028483,Nov-05-2022 14:25:56,False,26.880983246666464
39,5,Point star value,[65.57633972 78.04094696  8.51317215],[ 74.8483863  102.10660988   8.07022762],[ 1340016.34222569 10506268.90142017     2566.65575027],[ 1340025.61427227 10506292.96708309     2566.21280575],0.017175012324993275,68.70846950028483,Nov-05-2022 14:25:56,False,25.793859334297895
40,5,Point star value,[65.57633972 78.04094696  8.51317215],[ 73.11924493 101.90322332   8.12579584],[ 1340016.34222569 10506268.90142017     2566.65575027],[ 1340023.88513089 10506292.76369653     2566.26837397],0.015478917452123061,72.70846950028483,Nov-05-2022 14:25:56,False,25.029057357439196
41,5,Point star value,[65.57633972 78.04094696  8.51317215],[ 71.07026333 101.66221623   8.04990268],[ 1340016.34222569 10506268.90142017     2566.65575027],[ 1340021.8361493  10506292.52268944     2566.1924808 ],0.01910251429367665,76.70846950028483,Nov-05-2022 14:25:56,False,24.256178124320876
42,5,Point star value,[65.57633972 78.04094696  8.51317215],[ 69.38106073 101.46352738   7.81521416],[ 1340016.34222569 10506268.90142017     2566.65575027],[ 1340020.1469467  10506292.32400059     2565.95779228],0.029412988484985823,80.70846950028483,Nov-05-2022 14:25:56,False,23.739846690802054
43,5,Point star value,[65.57633972 78.04094696  8.51317215],[ 67.74811815 101.271456     7.90482426],[ 1340016.34222569 10506268.90142017     2566.65575027],[ 1340018.51400412 10506292.13192921     2566.04740238],0.026073759249249623,84.70846950028483,Nov-05-2022 14:25:56,False,23.339735620999765
44,5,Point star value,[65.57633972 78.04094696  8.51317215],[ 66.28266907 108.03874969   7.30108213],[ 1340016.34222569 10506268.90142017     2566.65575027],[ 1340017.04855504 10506298.8992229      2565.44366026],0.04039476373829048,88.70846950028483,Nov-05-2022 14:25:56,True,30.03058827663117
45,5,Point star value,[65.57633972 78.04094696  8.51317215],[ 64.16773987 107.96295929   7.31770229],[ 1340016.34222569 10506268.90142017     2566.65575027],[ 1340014.93362584 10506298.8234325      2565.46028042],0.03990865945737837,92.70846950028483,Nov-05-2022 14:25:56,True,29.978994705417687
46,5,Point star value,[65.57633972 78.04094696  8.51317215],[ 62.02308655 107.77218628   7.3847847 ],[ 1340016.34222569 10506268.90142017     2566.65575027],[ 1340012.78897252 10506298.63265949     2565.52736282],0.03768474783194767,96.70846950028483,Nov-05-2022 14:25:56,True,29.964069446453273
47,5,Point star maximum,[65.57633972 78.04094696  8.51317215],[92.26146698 64.31497192  5.62361956],[ 1340016.34222569 10506268.90142017     2566.65575027],[ 1340043.02735295 10506255.17544513     2563.76619768],0.09629176094489761,-27.29153049971517,Nov-05-2022 14:25:56,True,30.147104698240955
1,6,Point star value,[67.35223389 72.89160156  8.18376732],[ 64.07881477 100.83986202   7.02694511],[ 1340018.11811985 10506263.75207477     2566.32634544],[ 1340014.84470074 10506291.70033523     2565.16952324],0.041110545136764334,-83.29153049971517,Nov-05-2022 14:25:56,False,28.16307463947059
2,6,Point star value,[67.35223389 72.89160156  8.18376732],[ 61.97705838 100.59264742   7.05788302],[ 1340018.11811985 10506263.75207477     2566.32634544],[ 1340012.74294435 10506291.45312063     2565.20046115],0.039899884809517394,-79.29153049971517,Nov-05-2022 14:25:56,False,28.240185349819
3,6,Point star value,[67.35223389 72.89160156  8.18376732],[ 60.07579171 100.36901499   7.08882117],[ 1340018.11811985 10506263.75207477     2566.32634544],[ 1340010.84167768 10506291.2294882      2565.2313993 ],0.038521147051625446,-75.29153049971517,Nov-05-2022 14:25:56,False,28.445628243281003
4,6,Point star value,[67.35223389 72.89160156  8.18376732],[ 58.20560564 100.14903834   7.10283828],[ 1340018.11811985 10506263.75207477     2566.32634544],[ 1340008.97149161 10506291.00951155     2565.2454164 ],0.03759602706750073,-71.29153049971517,Nov-05-2022 14:25:56,False,28.77146286946339
5,6,Point star value,[67.35223389 72.89160156  8.18376732],[55.98321862 99.88763481  7.10634279],[ 1340018.11811985 10506263.75207477     2566.32634544],[ 1340006.74910459 10506290.74810802     2565.24892092],0.03678180262123395,-67.29153049971517,Nov-05-2022 14:25:56,False,29.312133375802922
6,6,Point star value,[67.35223389 72.89160156  8.18376732],[80.76815033 46.23194122  6.06396103],[ 1340018.11811985 10506263.75207477     2566.32634544],[ 1340031.5340363  10506237.09241443     2564.20653915],0.0710271723364394,-63.29153049971517,Nov-05-2022 14:25:56,True,29.920191879692858
7,6,Point star value,[67.35223389 72.89160156  8.18376732],[82.66086578 47.19732666  6.07337284],[ 1340018.11811985 10506263.75207477     2566.32634544],[ 1340033.42675175 10506238.05779987     2564.21595097],0.0705604494170903,-59.29153049971517,Nov-05-2022 14:25:56,True,29.983391038478885
8,6,Point star value,[67.35223389 72.89160156  8.18376732],[84.44281769 48.3543396   6.1084156 ],[ 1340018.11811985 10506263.75207477     2566.32634544],[ 1340035.20870366 10506239.21481281     2564.25099373],0.06940372930247495,-55.29153049971517,Nov-05-2022 14:25:56,True,29.974528587536682
9,6,Point star value,[67.35223389 72.89160156  8.18376732],[85.97676086 49.61167145  6.09159517],[ 1340018.11811985 10506263.75207477     2566.32634544],[ 1340036.74264683 10506240.47214466     2564.2341733 ],0.07017598467769326,-51.29153049971517,Nov-05-2022 14:25:56,True,29.88654104396134
10,6,Point star value,[67.35223389 72.89160156  8.18376732],[87.61678314 50.97030258  6.0958004 ],[ 1340018.11811985 10506263.75207477     2566.32634544],[ 1340038.38266911 10506241.83077579     2564.23837852],0.06994185854307274,-47.29153049971517,Nov-05-2022 14:25:56,True,29.925823487078432
11,6,Point star value,[67.35223389 72.89160156  8.18376732],[89.02253723 52.43117523  6.07697725],[ 1340018.11811985 10506263.75207477     2566.32634544],[ 1340039.7884232  10506243.29164844     2564.21955538],0.07069004791195255,-43.29153049971517,Nov-05-2022 14:25:56,True,29.877577831246796
12,6,Point star value,[67.35223389 72.89160156  8.18376732],[90.37584686 53.92510986  6.0169034 ],[ 1340018.11811985 10506263.75207477     2566.32634544],[ 1340041.14173283 10506244.78558307     2564.15948153],0.07264101160799678,-39.29153049971517,Nov-05-2022 14:25:56,True,29.908357713004513
13,6,Point star value,[67.35223389 72.89160156  8.18376732],[91.79477692 55.67499924  5.94421387],[ 1340018.11811985 10506263.75207477     2566.32634544],[ 1340042.56066288 10506246.53547245     2564.08679199],0.07490818574973722,-35.29153049971517,Nov-05-2022 14:25:56,True,29.98107578219171
14,6,Point star value,[67.35223389 72.89160156  8.18376732],[92.99240875 57.36868286  5.82426643],[ 1340018.11811985 10506263.75207477     2566.32634544],[ 1340043.75829472 10506248.22915607     2563.96684456],0.07872092897558508,-31.29153049971517,Nov-05-2022 14:25:56,True,30.065708316525477
15,6,Point star value,[67.35223389 72.89160156  8.18376732],[94.02814484 59.22953415  6.38876057],[ 1340018.11811985 10506263.75207477     2566.32634544],[ 1340044.7940308  10506250.09000736     2564.53133869],0.05989160449128329,-27.29153049971517,Nov-05-2022 14:25:56,True,30.024629227400155
16,6,Point star value,[67.35223389 72.89160156  8.18376732],[94.85451508 61.00880814  6.64607668],[ 1340018.11811985 10506263.75207477     2566.32634544],[ 1340045.62040104 10506251.86928135     2564.7886548 ],0.051325512464845534,-23.29153049971517,Nov-05-2022 14:25:56,True,29.99901236235752
17,6,Point star value,[67.35223389 72.89160156  8.18376732],[95.71737671 63.09718704  5.4159646 ],[ 1340018.11811985 10506263.75207477     2566.32634544],[ 1340046.48326268 10506253.95766025     2563.55854273],0.09223386481704393,-19.29153049971517,Nov-05-2022 14:25:56,True,30.135902425398005
18,6,Point star value,[67.35223389 72.89160156  8.18376732],[96.14276123 64.92864227  5.0148716 ],[ 1340018.11811985 10506263.75207477     2566.32634544],[ 1340046.9086472  10506255.78911548     2563.15744972],0.10608444935475675,-15.291530499715169,Nov-05-2022 14:25:56,True,30.039059330671325
19,6,Point star value,[67.35223389 72.89160156  8.18376732],[96.83123016 66.97784424  4.87229633],[ 1340018.11811985 10506263.75207477     2566.32634544],[ 1340047.59711613 10506257.83831745     2563.01487446],0.11013887674982203,-11.291530499715169,Nov-05-2022 14:25:56,True,30.248133616271915
20,6,Point star value,[67.35223389 72.89160156  8.18376732],[97.08162689 69.20811462  4.95499802],[ 1340018.11811985 10506263.75207477     2566.32634544],[ 1340047.84751286 10506260.06858783     2563.09757614],0.10778114699359786,-7.2915304997151695,Nov-05-2022 14:25:57,True,30.130214664048616
21,6,Point star value,[67.35223389 72.89160156  8.18376732],[97.32108307 71.18466949  5.25116205],[ 1340018.11811985 10506263.75207477     2566.32634544],[ 1340048.08696904 10506262.0451427      2563.39374018],0.09769677772872168,-3.2915304997151695,Nov-05-2022 14:25:57,True,30.160333420488495
22,6,Point star value,[67.35223389 72.89160156  8.18376732],[97.27907562 73.38143921  5.57475996],[ 1340018.11811985 10506263.75207477     2566.32634544],[ 1340048.04496159 10506264.24191242     2563.71733809],0.0871678330555468,0.7084695002848305,Nov-05-2022 14:25:57,True,30.044345834098173
23,6,Point star value,[67.35223389 72.89160156  8.18376732],[97.25765228 75.39660645  5.80083752],[ 1340018.11811985 10506263.75207477     2566.32634544],[ 1340048.02353825 10506266.25707966     2563.94341564],0.07940412851623521,4.7084695002848305,Nov-05-2022 14:25:57,True,30.1046085067299
24,6,Point star value,[67.35223389 72.89160156  8.18376732],[96.83927155 77.45067596  6.08538771],[ 1340018.11811985 10506263.75207477     2566.32634544],[ 1340047.60515751 10506268.31114917     2564.22796583],0.07032715590877515,8.708469500284831,Nov-05-2022 14:25:57,True,29.91109737677082
25,6,Point star value,[67.35223389 72.89160156  8.18376732],[96.61592865 79.50357056  6.27001429],[ 1340018.11811985 10506263.75207477     2566.32634544],[ 1340047.38181462 10506270.36404377     2564.41259241],0.06378886311941266,12.708469500284831,Nov-05-2022 14:25:57,True,30.062342154967972
26,6,Point star value,[67.35223389 72.89160156  8.18376732],[96.01052856 81.54278564  6.46685648],[ 1340018.11811985 10506263.75207477     2566.32634544],[ 1340046.77641453 10506272.40325885     2564.6094346 ],0.057353457946565926,16.70846950028483,Nov-05-2022 14:25:57,True,29.984806530748244
27,6,Point star value,[67.35223389 72.89160156  8.18376732],[95.31218719 83.54689026  6.58960724],[ 1340018.11811985 10506263.75207477     2566.32634544],[ 1340046.07807316 10506274.40736347     2564.73218536],0.053278139700351966,20.70846950028483,Nov-05-2022 14:25:57,True,29.963903493257163
28,6,Point star value,[67.35223389 72.89160156  8.18376732],[94.58639526 85.47220612  6.90819883],[ 1340018.11811985 10506263.75207477     2566.32634544],[ 1340045.35228123 10506276.33267933     2565.05077696],0.04251963084797035,24.70846950028483,Nov-05-2022 14:25:57,True,30.02662538133582
29,6,Point star value,[67.35223389 72.89160156  8.18376732],[93.60458374 87.43801117  7.63028669],[ 1340018.11811985 10506263.75207477     2566.32634544],[ 1340044.37046971 10506278.29848438     2565.77286482],0.01844132466877891,28.70846950028483,Nov-05-2022 14:25:57,True,30.018165268491863
30,6,Point star value,[67.35223389 72.89160156  8.18376732],[92.60240173 89.07582092  7.80069637],[ 1340018.11811985 10506263.75207477     2566.32634544],[ 1340043.3682877  10506279.93629413     2565.9432745 ],0.01277258043504397,32.70846950028483,Nov-05-2022 14:25:57,True,29.994110687582403
31,6,Point star value,[67.35223389 72.89160156  8.18376732],[91.39791107 90.82009888  7.7762661 ],[ 1340018.11811985 10506263.75207477     2566.32634544],[ 1340042.16379704 10506281.68057209     2565.91884422],0.013586200192359132,36.70846950028483,Nov-05-2022 14:25:57,True,29.99652754048833
32,6,Point star value,[67.35223389 72.89160156  8.18376732],[90.07054901 92.4107132   7.78487682],[ 1340018.11811985 10506263.75207477     2566.32634544],[ 1340040.83643498 10506283.27118641     2565.92745495],0.013317693300660224,40.70846950028483,Nov-05-2022 14:25:57,True,29.954576856919825
33,6,Point star value,[67.35223389 72.89160156  8.18376732],[88.61552429 94.13877869  7.90202093],[ 1340018.11811985 10506263.75207477     2566.32634544],[ 1340039.38141026 10506284.9992519      2566.04459906],0.009372974630973967,44.70846950028483,Nov-05-2022 14:25:57,True,30.060762392618674
34,6,Point star value,[67.35223389 72.89160156  8.18376732],[87.126091   95.45572662  7.79248619],[ 1340018.11811985 10506263.75207477     2566.32634544],[ 1340037.89197697 10506286.31619983     2565.93506432],0.013041652533378882,48.70846950028483,Nov-05-2022 14:25:57,True,30.0049706875835
35,6,Point star value,[67.35223389 72.89160156  8.18376732],[85.51126099 96.80026245  7.65571785],[ 1340018.11811985 10506263.75207477     2566.32634544],[ 1340036.27714695 10506287.66073566     2565.79829597],0.01758822517932034,52.70846950028483,Nov-05-2022 14:25:57,True,30.02754014126966
36,6,Point star value,[67.35223389 72.89160156  8.18376732],[83.85110474 97.77780151  7.25162125],[ 1340018.11811985 10506263.75207477     2566.32634544],[ 1340034.6169907  10506288.63827472     2565.39419937],0.031218685159070714,56.70846950028483,Nov-05-2022 14:25:57,True,29.873141509089145
37,6,Point star value,[67.35223389 72.89160156  8.18376732],[82.14351654 99.0149231   7.2512207 ],[ 1340018.11811985 10506263.75207477     2566.32634544],[ 1340032.90940251 10506289.87539631     2565.39379883],0.0310640127901545,60.70846950028483,Nov-05-2022 14:25:57,True,30.03464022861338
38,6,Point star value,[67.35223389 72.89160156  8.18376732],[80.19324493 99.99517059  7.23399973],[ 1340018.11811985 10506263.75207477     2566.32634544],[ 1340030.9591309  10506290.8556438      2565.37657785],0.031667805144603746,64.70846950028483,Nov-05-2022 14:25:57,True,30.00661722683794
39,6,Point star value,[67.35223389 72.89160156  8.18376732],[ 78.16545868 100.81594849   8.02477169],[ 1340018.11811985 10506263.75207477     2566.32634544],[ 1340028.93134465 10506291.6764217      2566.16734982],0.0053096123379718745,68.70846950028483,Nov-05-2022 14:25:57,True,29.94528779532533
40,6,Point star value,[67.35223389 72.89160156  8.18376732],[ 76.2460556  101.55887604   8.13630867],[ 1340018.11811985 10506263.75207477     2566.32634544],[ 1340027.01194157 10506292.41934925     2566.2788868 ],0.0015811534348748758,72.70846950028483,Nov-05-2022 14:25:57,True,30.015245174334368
41,6,Point star value,[67.35223389 72.89160156  8.18376732],[ 74.28316498 102.03887177   7.98732567],[ 1340018.11811985 10506263.75207477     2566.32634544],[ 1340025.04905095 10506292.89934498     2566.12990379],0.006556798994496655,76.70846950028483,Nov-05-2022 14:25:57,True,29.96063676526236
42,6,Point star value,[67.35223389 72.89160156  8.18376732],[ 72.25875497 101.80201002   8.09696054],[ 1340018.11811985 10506263.75207477     2566.32634544],[ 1340023.02464093 10506292.66248323     2566.23953867],0.002960283215064518,80.70846950028483,Nov-05-2022 14:25:57,False,29.323935646667607
43,6,Point star value,[67.35223389 72.89160156  8.18376732],[ 70.02709937 101.5395163    8.04559731],[ 1340018.11811985 10506263.75207477     2566.32634544],[ 1340020.79298534 10506292.39998951     2566.18817544],0.004802151583661402,84.70846950028483,Nov-05-2022 14:25:57,False,28.772852047745435
44,6,Point star value,[67.35223389 72.89160156  8.18376732],[ 68.00428641 101.30158724   8.03678656],[ 1340018.11811985 10506263.75207477     2566.32634544],[ 1340018.77017238 10506292.16206045     2566.17936468],0.0051721977865575326,88.70846950028483,Nov-05-2022 14:25:57,False,28.41784760011124
45,6,Point star value,[67.35223389 72.89160156  8.18376732],[ 65.91110229 102.86884308   7.88139534],[ 1340018.11811985 10506263.75207477     2566.32634544],[ 1340016.67698826 10506293.72931629     2566.02397346],0.010075082223739469,92.70846950028483,Nov-05-2022 14:25:57,True,30.013385313786245
46,6,Point star value,[67.35223389 72.89160156  8.18376732],[ 63.81374359 102.56186676   7.86958075],[ 1340018.11811985 10506263.75207477     2566.32634544],[ 1340014.57962956 10506293.42233997     2566.01215887],0.010514762120325014,96.70846950028483,Nov-05-2022 14:25:57,True,29.882173007972998
47,6,Point star maximum,[67.35223389 72.89160156  8.18376732],[96.83123016 66.97784424  4.87229633],[ 1340018.11811985 10506263.75207477     2566.32634544],[ 1340047.59711613 10506257.83831745     2563.01487446],0.11013887674982203,-11.291530499715169,Nov-05-2022 14:25:56,True,30.248133616271915
